
DROP TABLE IF EXISTS t_countries;

CREATE TABLE `t_countries` (
  `country_id` TINYINT UNSIGNED NOT NULL,
  `country` VARCHAR(50) NOT NULL,
  `iso2` VARCHAR(2) NOT NULL,
  `iso3` VARCHAR(3) NOT NULL,
  `timestamp_created` timestamp(6) NOT NULL DEFAULT CURRENT_TIMESTAMP(6),
  `timestamp_modified` timestamp(6) NOT NULL DEFAULT CURRENT_TIMESTAMP(6) ON UPDATE CURRENT_TIMESTAMP(6),
  PRIMARY KEY (`country_id`),
  KEY `t_countries_country_id_IDX` (`country_id`) USING BTREE,
  KEY `t_countries_country_IDX` (`country`) USING BTREE,
  KEY `t_countries_iso2_IDX` (`iso2`) USING BTREE,
  KEY `t_countries_iso3_IDX` (`iso3`) USING BTREE,
  KEY `t_countries_timestamp_created_IDX` (`timestamp_created`) USING BTREE,
  KEY `t_countries_timestamp_modified_IDX` (`timestamp_modified`) USING BTREE
) ENGINE=InnoDB DEFAULT CHARSET=utf8mb4 COLLATE=utf8mb4_0900_ai_ci;

-- SELECT * FROM t_countries;

INSERT INTO t_countries (
	country_id,
	country,
	iso2,
	iso3
)
VALUES
(1, 'Afganistán', 'AF', 'AFG'),
(2, 'Albania', 'AL', 'ALB'),
(3, 'Alemania', 'DE', 'DEU'),
(4, 'Andorra', 'AD', 'AND'),
(5, 'Angola', 'AO', 'AGO'),
(6, 'Anguila', 'AI', 'AIA'),
(7, 'Antártida', 'AQ', 'ATA'),
(8, 'Antigua y Barbuda', 'AG', 'ATG'),
(9, 'Arabia Saudita', 'SA', 'SAU'),
(10, 'Argelia', 'DZ', 'DZA'),
(11, 'Argentina', 'AR', 'ARG'),
(12, 'Armenia', 'AM', 'ARM'),
(13, 'Aruba', 'AW', 'ABW'),
(14, 'Australia', 'AU', 'AUS'),
(15, 'Austria', 'AT', 'AUT'),
(16, 'Azerbaiyán', 'AZ', 'AZE'),
(17, 'Bélgica', 'BE', 'BEL'),
(18, 'Bahamas', 'BS', 'BHS'),
(19, 'Bahrein', 'BH', 'BHR'),
(20, 'Bangladesh', 'BD', 'BGD'),
(21, 'Barbados', 'BB', 'BRB'),
(22, 'Belice', 'BZ', 'BLZ'),
(23, 'Benín', 'BJ', 'BEN'),
(24, 'Bhután', 'BT', 'BTN'),
(25, 'Bielorrusia', 'BY', 'BLR'),
(26, 'Birmania', 'MM', 'MMR'),
(27, 'Bolivia', 'BO', 'BOL'),
(28, 'Bosnia y Herzegovina', 'BA', 'BIH'),
(29, 'Botsuana', 'BW', 'BWA'),
(30, 'Brasil', 'BR', 'BRA'),
(31, 'Brunéi', 'BN', 'BRN'),
(32, 'Bulgaria', 'BG', 'BGR'),
(33, 'Burkina Faso', 'BF', 'BFA'),
(34, 'Burundi', 'BI', 'BDI'),
(35, 'Cabo Verde', 'CV', 'CPV'),
(36, 'Camboya', 'KH', 'KHM'),
(37, 'Camerún', 'CM', 'CMR'),
(38, 'Canadá', 'CA', 'CAN'),
(39, 'Chad', 'TD', 'TCD'),
(40, 'Chile', 'CL', 'CHL'),
(41, 'China', 'CN', 'CHN'),
(42, 'Chipre', 'CY', 'CYP'),
(43, 'Colombia', 'CO', 'COL'),
(44, 'Comoras', 'KM', 'COM'),
(45, 'República del Congo', 'CG', 'COG'),
(46, 'República Democrática del Congo', 'CD', 'COD'),
(47, 'Corea del Norte', 'KP', 'PRK'),
(48, 'Corea del Sur', 'KR', 'KOR'),
(49, 'Costa de Marfil', 'CI', 'CIV'),
(50, 'Costa Rica', 'CR', 'CRI'),
(51, 'Croacia', 'HR', 'HRV'),
(52, 'Cuba', 'CU', 'CUB'),
(53, 'Curazao', 'CW', 'CWU'),
(54, 'Dinamarca', 'DK', 'DNK'),
(55, 'Dominica', 'DM', 'DMA'),
(56, 'Ecuador', 'EC', 'ECU'),
(57, 'Egipto', 'EG', 'EGY'),
(58, 'El Salvador', 'SV', 'SLV'),
(59, 'Emiratos Árabes Unidos', 'AE', 'ARE'),
(60, 'Eritrea', 'ER', 'ERI'),
(61, 'Eslovaquia', 'SK', 'SVK'),
(62, 'Eslovenia', 'SI', 'SVN'),
(63, 'España', 'ES', 'ESP'),
(64, 'Estonia', 'EE', 'EST'),
(65, 'Etiopía', 'ET', 'ETH'),
(66, 'Filipinas', 'PH', 'PHL'),
(67, 'Finlandia', 'FI', 'FIN'),
(68, 'Fiyi', 'FJ', 'FJI'),
(69, 'Francia', 'FR', 'FRA'),
(70, 'Gabón', 'GA', 'GAB'),
(71, 'Gambia', 'GM', 'GMB'),
(72, 'Georgia', 'GE', 'GEO'),
(73, 'Ghana', 'GH', 'GHA'),
(74, 'Gibraltar', 'GI', 'GIB'),
(75, 'Granada', 'GD', 'GRD'),
(76, 'Grecia', 'GR', 'GRC'),
(77, 'Groenlandia', 'GL', 'GRL'),
(78, 'Guadalupe', 'GP', 'GLP'),
(79, 'Guam', 'GU', 'GUM'),
(80, 'Guatemala', 'GT', 'GTM'),
(81, 'Guayana Francesa', 'GF', 'GUF'),
(82, 'Guinea', 'GN', 'GIN'),
(83, 'Guinea Ecuatorial', 'GQ', 'GNQ'),
(84, 'Guinea-Bissau', 'GW', 'GNB'),
(85, 'Guyana', 'GY', 'GUY'),
(86, 'Haití', 'HT', 'HTI'),
(87, 'Honduras', 'HN', 'HND'),
(88, 'Hong kong', 'HK', 'HKG'),
(89, 'Hungría', 'HU', 'HUN'),
(90, 'India', 'IN', 'IND'),
(91, 'Indonesia', 'ID', 'IDN'),
(92, 'Irán', 'IR', 'IRN'),
(93, 'Irak', 'IQ', 'IRQ'),
(94, 'Irlanda', 'IE', 'IRL'),
(95, 'Islandia', 'IS', 'ISL'),
(96, 'Islas Bermudas', 'BM', 'BMU'),
(97, 'Islas Caimán', 'KY', 'CYM'),
(98, 'Islas Cook', 'CK', 'COK'),
(99, 'Islas Feroe', 'FO', 'FRO'),
(100, 'Islas Georgias del Sur y Sandwich del Sur', 'GS', 'SGS'),
(101, 'Islas Maldivas', 'MV', 'MDV'),
(102, 'Islas Marianas del Norte', 'MP', 'MNP'),
(103, 'Islas Marshall', 'MH', 'MHL'),
(104, 'Islas Pitcairn', 'PN', 'PCN'),
(105, 'Islas Salomón', 'SB', 'SLB'),
(106, 'Islas Turcas y Caicos', 'TC', 'TCA'),
(107, 'Islas Ultramarinas Menores de Estados Unidos', 'UM', 'UMI'),
(108, 'Islas Vírgenes Británicas', 'VG', 'VGB'),
(109, 'Islas Vírgenes de los Estados Unidos', 'VI', 'VIR'),
(110, 'Israel', 'IL', 'ISR'),
(111, 'Italia', 'IT', 'ITA'),
(112, 'Jamaica', 'JM', 'JAM'),
(113, 'Japón', 'JP', 'JPN'),
(114, 'Jordania', 'JO', 'JOR'),
(115, 'Kenia', 'KE', 'KEN'),
(116, 'Kirguistán', 'KG', 'KGZ'),
(117, 'Kiribati', 'KI', 'KIR'),
(118, 'Kuwait', 'KW', 'KWT'),
(119, 'Líbano', 'LB', 'LBN'),
(120, 'Laos', 'LA', 'LAO'),
(121, 'Lesoto', 'LS', 'LSO'),
(122, 'Letonia', 'LV', 'LVA'),
(123, 'Liberia', 'LR', 'LBR'),
(124, 'Libia', 'LY', 'LBY'),
(125, 'Liechtenstein', 'LI', 'LIE'),
(126, 'Lituania', 'LT', 'LTU'),
(127, 'Luxemburgo', 'LU', 'LUX'),
(128, 'México', 'MX', 'MEX'),
(129, 'Mónaco', 'MC', 'MCO'),
(130, 'Macao', 'MO', 'MAC'),
(131, 'Macedônia', 'MK', 'MKD'),
(132, 'Madagascar', 'MG', 'MDG'),
(133, 'Malasia', 'MY', 'MYS'),
(134, 'Malawi', 'MW', 'MWI'),
(135, 'Mali', 'ML', 'MLI'),
(136, 'Malta', 'MT', 'MLT'),
(137, 'Marruecos', 'MA', 'MAR'),
(138, 'Martinica', 'MQ', 'MTQ'),
(139, 'Mauricio', 'MU', 'MUS'),
(140, 'Mauritania', 'MR', 'MRT'),
(141, 'Mayotte', 'YT', 'MYT'),
(142, 'Micronesia', 'FM', 'FSM'),
(143, 'Moldavia', 'MD', 'MDA'),
(144, 'Mongolia', 'MN', 'MNG'),
(145, 'Montenegro', 'ME', 'MNE'),
(146, 'Montserrat', 'MS', 'MSR'),
(147, 'Mozambique', 'MZ', 'MOZ'),
(148, 'Namibia', 'NA', 'NAM'),
(149, 'Nauru', 'NR', 'NRU'),
(150, 'Nepal', 'NP', 'NPL'),
(151, 'Nicaragua', 'NI', 'NIC'),
(152, 'Niger', 'NE', 'NER'),
(153, 'Nigeria', 'NG', 'NGA'),
(154, 'Niue', 'NU', 'NIU'),
(155, 'Noruega', 'NO', 'NOR'),
(156, 'Nueva Caledonia', 'NC', 'NCL'),
(157, 'Nueva Zelanda', 'NZ', 'NZL'),
(158, 'Omán', 'OM', 'OMN'),
(159, 'Países Bajos', 'NL', 'NLD'),
(160, 'Pakistán', 'PK', 'PAK'),
(161, 'Palau', 'PW', 'PLW'),
(162, 'Palestina', 'PS', 'PSE'),
(163, 'Panamá', 'PA', 'PAN'),
(164, 'Papúa Nueva Guinea', 'PG', 'PNG'),
(165, 'Paraguay', 'PY', 'PRY'),
(166, 'Perú', 'PE', 'PER'),
(167, 'Polinesia Francesa', 'PF', 'PYF'),
(168, 'Polonia', 'PL', 'POL'),
(169, 'Portugal', 'PT', 'PRT'),
(170, 'Puerto Rico', 'PR', 'PRI'),
(171, 'Qatar', 'QA', 'QAT'),
(172, 'Reino Unido', 'GB', 'GBR'),
(173, 'República Centroafricana', 'CF', 'CAF'),
(174, 'República Checa', 'CZ', 'CZE'),
(175, 'República Dominicana', 'DO', 'DOM'),
(176, 'República de Sudán del Sur', 'SS', 'SSD'),
(177, 'Ruanda', 'RW', 'RWA'),
(178, 'Rumanía', 'RO', 'ROU'),
(179, 'Rusia', 'RU', 'RUS'),
(180, 'Samoa', 'WS', 'WSM'),
(181, 'Samoa Americana', 'AS', 'ASM'),
(182, 'San Cristóbal y Nieves', 'KN', 'KNA'),
(183, 'San Marino', 'SM', 'SMR'),
(184, 'San Martín (Francia)', 'MF', 'MAF'),
(185, 'San Pedro y Miquelón', 'PM', 'SPM'),
(186, 'San Vicente y las Granadinas', 'VC', 'VCT'),
(187, 'Santa Elena', 'SH', 'SHN'),
(188, 'Santa Lucía', 'LC', 'LCA'),
(189, 'Santo Tomé y Príncipe', 'ST', 'STP'),
(190, 'Senegal', 'SN', 'SEN'),
(191, 'Serbia', 'RS', 'SRB'),
(192, 'Seychelles', 'SC', 'SYC'),
(193, 'Sierra Leona', 'SL', 'SLE'),
(194, 'Singapur', 'SG', 'SGP'),
(195, 'Sint Maarten', 'SX', 'SMX'),
(196, 'Siria', 'SY', 'SYR'),
(197, 'Somalia', 'SO', 'SOM'),
(198, 'Sri lanka', 'LK', 'LKA'),
(199, 'Sudáfrica', 'ZA', 'ZAF'),
(200, 'Sudán', 'SD', 'SDN'),
(201, 'Suecia', 'SE', 'SWE'),
(202, 'Suiza', 'CH', 'CHE'),
(203, 'Surinám', 'SR', 'SUR'),
(204, 'Swazilandia', 'SZ', 'SWZ'),
(205, 'Tayikistán', 'TJ', 'TJK'),
(206, 'Tailandia', 'TH', 'THA'),
(207, 'Taiwán', 'TW', 'TWN'),
(208, 'Tanzania', 'TZ', 'TZA'),
(209, 'Timor Oriental', 'TL', 'TLS'),
(210, 'Togo', 'TG', 'TGO'),
(211, 'Tokelau', 'TK', 'TKL'),
(212, 'Tonga', 'TO', 'TON'),
(213, 'Trinidad y Tobago', 'TT', 'TTO'),
(214, 'Tunez', 'TN', 'TUN'),
(215, 'Turkmenistán', 'TM', 'TKM'),
(216, 'Turquía', 'TR', 'TUR'),
(217, 'Tuvalu', 'TV', 'TUV'),
(218, 'Ucrania', 'UA', 'UKR'),
(219, 'Uganda', 'UG', 'UGA'),
(220, 'Uruguay', 'UY', 'URY'),
(221, 'Uzbekistán', 'UZ', 'UZB'),
(222, 'Vanuatu', 'VU', 'VUT'),
(223, 'Venezuela', 'VE', 'VEN'),
(224, 'Vietnam', 'VN', 'VNM'),
(225, 'Wallis y Futuna', 'WF', 'WLF'),
(226, 'Yemen', 'YE', 'YEM'),
(227, 'Yibuti', 'DJ', 'DJI'),
(228, 'Zambia', 'ZM', 'ZMB'),
(229, 'Zimbabue', 'ZW', 'ZWE');

-- -----------------------------------------------------------------

DROP TABLE IF EXISTS t_countries_phonecodes;

CREATE TABLE `t_countries_phonecodes` (
  `country_phonecode_id` TINYINT UNSIGNED NOT NULL,
  `country_phonecode` SMALLINT UNSIGNED NOT NULL,
  `country_id` TINYINT UNSIGNED NOT NULL,
  `timestamp_created` timestamp(6) NOT NULL DEFAULT CURRENT_TIMESTAMP(6),
  `timestamp_modified` timestamp(6) NOT NULL DEFAULT CURRENT_TIMESTAMP(6) ON UPDATE CURRENT_TIMESTAMP(6),
  PRIMARY KEY (`country_phonecode_id`),
  FOREIGN KEY (`country_id`) REFERENCES `t_countries`(`country_id`),
  KEY `t_countries_phonecodes_country_phonecode_id_IDX` (`country_phonecode_id`) USING BTREE,
  KEY `t_countries_phonecodes_country_phonecode_IDX` (`country_phonecode`) USING BTREE,
  KEY `t_countries_phonecodes_country_id_IDX` (`country_id`) USING BTREE,
  KEY `t_countries_phonecodes_timestamp_created_IDX` (`timestamp_created`) USING BTREE,
  KEY `t_countries_phonecodes_timestamp_modified_IDX` (`timestamp_modified`) USING BTREE
) ENGINE=InnoDB DEFAULT CHARSET=utf8mb4 COLLATE=utf8mb4_0900_ai_ci;

-- SELECT * FROM t_countries_phonecodes;

INSERT INTO t_countries_phonecodes (
	country_phonecode_id,
	country_phonecode,
	country_id
)
VALUES
(1, 93, 1),
(2, 355, 2),
(3, 49, 3),
(4, 376, 4),
(5, 244, 5),
(6, 1264, 6),
(7, 672, 7),
(8, 1268, 8),
(9, 966, 9),
(10, 213, 10),
(11, 54, 11),
(12, 374, 12),
(13, 297, 13),
(14, 61, 14),
(15, 43, 15),
(16, 994, 16),
(17, 32, 17),
(18, 1242, 18),
(19, 973, 19),
(20, 880, 20),
(21, 1246, 21),
(22, 501, 22),
(23, 229, 23),
(24, 975, 24),
(25, 375, 25),
(26, 95, 26),
(27, 591, 27),
(28, 387, 28),
(29, 267, 29),
(30, 55, 30),
(31, 673, 31),
(32, 359, 32),
(33, 226, 33),
(34, 257, 34),
(35, 238, 35),
(36, 855, 36),
(37, 237, 37),
(38, 1, 38),
(39, 235, 39),
(40, 56, 40),
(41, 86, 41),
(42, 357, 42),
(43, 57, 43),
(44, 269, 44),
(45, 242, 45),
(46, 243, 46),
(47, 850, 47),
(48, 82, 48),
(49, 225, 49),
(50, 506, 50),
(51, 385, 51),
(52, 53, 52),
(53, 5999, 53),
(54, 45, 54),
(55, 1767, 55),
(56, 593, 56),
(57, 20, 57),
(58, 503, 58),
(59, 971, 59),
(60, 291, 60),
(61, 421, 61),
(62, 386, 62),
(63, 34, 63),
(64, 372, 64),
(65, 251, 65),
(66, 63, 66),
(67, 358, 67),
(68, 679, 68),
(69, 33, 69),
(70, 241, 70),
(71, 220, 71),
(72, 995, 72),
(73, 233, 73),
(74, 350, 74),
(75, 1473, 75),
(76, 30, 76),
(77, 299, 77),
(78, 590, 78),
(79, 1671, 79),
(80, 502, 80),
(81, 594, 81),
(82, 224, 82),
(83, 240, 83),
(84, 245, 84),
(85, 592, 85),
(86, 509, 86),
(87, 504, 87),
(88, 852, 88),
(89, 36, 89),
(90, 91, 90),
(91, 62, 91),
(92, 98, 92),
(93, 964, 93),
(94, 353, 94),
(95, 354, 95),
(96, 1441, 96),
(97, 1345, 97),
(98, 682, 98),
(99, 298, 99),
(100, 500, 100),
(101, 960, 101),
(102, 1670, 102),
(103, 692, 103),
(104, 870, 104),
(105, 677, 105),
(106, 1649, 106),
(107, 246, 107),
(108, 1284, 108),
(109, 1340, 109),
(110, 972, 110),
(111, 39, 111),
(112, 1876, 112),
(113, 81, 113),
(114, 962, 114),
(115, 254, 115),
(116, 996, 116),
(117, 686, 117),
(118, 965, 118),
(119, 961, 119),
(120, 856, 120),
(121, 266, 121),
(122, 371, 122),
(123, 231, 123),
(124, 218, 124),
(125, 423, 125),
(126, 370, 126),
(127, 352, 127),
(128, 52, 128),
(129, 377, 129),
(130, 853, 130),
(131, 389, 131),
(132, 261, 132),
(133, 60, 133),
(134, 265, 134),
(135, 223, 135),
(136, 356, 136),
(137, 212, 137),
(138, 596, 138),
(139, 230, 139),
(140, 222, 140),
(141, 262, 141),
(142, 691, 142),
(143, 373, 143),
(144, 976, 144),
(145, 382, 145),
(146, 1664, 146),
(147, 258, 147),
(148, 264, 148),
(149, 674, 149),
(150, 977, 150),
(151, 505, 151),
(152, 227, 152),
(153, 234, 153),
(154, 683, 154),
(155, 47, 155),
(156, 687, 156),
(157, 64, 157),
(158, 968, 158),
(159, 31, 159),
(160, 92, 160),
(161, 680, 161),
(162, 970, 162),
(163, 507, 163),
(164, 675, 164),
(165, 595, 165),
(166, 51, 166),
(167, 689, 167),
(168, 48, 168),
(169, 351, 169),
(170, 1, 170),
(171, 974, 171),
(172, 44, 172),
(173, 236, 173),
(174, 420, 174),
(175, 1809, 175),
(176, 211, 176),
(177, 250, 177),
(178, 40, 178),
(179, 7, 179),
(180, 685, 180),
(181, 1684, 181),
(182, 1869, 182),
(183, 378, 183),
(184, 1599, 184),
(185, 508, 185),
(186, 1784, 186),
(187, 290, 187),
(188, 1758, 188),
(189, 239, 189),
(190, 221, 190),
(191, 381, 191),
(192, 248, 192),
(193, 232, 193),
(194, 65, 194),
(195, 1721, 195),
(196, 963, 196),
(197, 252, 197),
(198, 94, 198),
(199, 27, 199),
(200, 249, 200),
(201, 46, 201),
(202, 41, 202),
(203, 597, 203),
(204, 268, 204),
(205, 992, 205),
(206, 66, 206),
(207, 886, 207),
(208, 255, 208),
(209, 670, 209),
(210, 228, 210),
(211, 690, 211),
(212, 676, 212),
(213, 1868, 213),
(214, 216, 214),
(215, 993, 215),
(216, 90, 216),
(217, 688, 217),
(218, 380, 218),
(219, 256, 219),
(220, 598, 220),
(221, 998, 221),
(222, 678, 222),
(223, 58, 223),
(224, 84, 224),
(225, 681, 225),
(226, 967, 226),
(227, 253, 227),
(228, 260, 228),
(229, 263, 229);

-- ---------------------------------------------------------------------

DROP TABLE IF EXISTS t_cities;

CREATE TABLE `t_cities` (
  `city_id` TINYINT UNSIGNED NOT NULL,
  `city` VARCHAR(50) NOT NULL,
  `country_id` TINYINT UNSIGNED NOT NULL,
  `timestamp_created` timestamp(6) NOT NULL DEFAULT CURRENT_TIMESTAMP(6),
  `timestamp_modified` timestamp(6) NOT NULL DEFAULT CURRENT_TIMESTAMP(6) ON UPDATE CURRENT_TIMESTAMP(6),
  PRIMARY KEY (`city_id`),
  FOREIGN KEY (`country_id`) REFERENCES `t_countries`(`country_id`),
  KEY `t_cities_city_id_IDX` (`city_id`) USING BTREE,
  KEY `t_cities_country_id_IDX` (`country_id`) USING BTREE,
  KEY `t_cities_city_IDX` (`city`) USING BTREE,
  KEY `t_cities_timestamp_created_IDX` (`timestamp_created`) USING BTREE,
  KEY `t_cities_timestamp_modified_IDX` (`timestamp_modified`) USING BTREE
) ENGINE=InnoDB DEFAULT CHARSET=utf8mb4 COLLATE=utf8mb4_0900_ai_ci;

-- SELECT * FROM t_cities;

INSERT INTO t_cities (
	city_id,
	city,
	country_id
)
VALUES
(1 , 'Amazonas', 166),
(2 , 'Áncash', 166),
(3 , 'Apurímac', 166),
(4 , 'Arequipa', 166),
(5 , 'Ayacucho', 166),
(6 , 'Cajamarca', 166),
(7 , 'Callao', 166),
(8 , 'Cusco', 166),
(9 , 'Huancavelica', 166),
(10 , 'Huánuco', 166),
(11 , 'Ica', 166),
(12 , 'Junín', 166),
(13 , 'La Libertad', 166),
(14 , 'Lambayeque', 166),
(15 , 'Lima', 166),
(16 , 'Loreto', 166),
(17 , 'Madre de Dios', 166),
(18 , 'Moquegua', 166),
(19 , 'Pasco', 166),
(20 , 'Piura', 166),
(21 , 'Puno', 166),
(22 , 'San Martín', 166),
(23 , 'Tacna', 166),
(24 , 'Tumbes', 166),
(25 , 'Ucayali', 166);

-- -------------------------------------------

DROP TABLE IF EXISTS t_document_types;

CREATE TABLE `t_document_types` (
  `document_type_id` TINYINT UNSIGNED NOT NULL,
  `document_type` VARCHAR(15) NOT NULL,
  `description` VARCHAR(100) NOT NULL,
  `timestamp_created` timestamp(6) NOT NULL DEFAULT CURRENT_TIMESTAMP(6),
  `timestamp_modified` timestamp(6) NOT NULL DEFAULT CURRENT_TIMESTAMP(6) ON UPDATE CURRENT_TIMESTAMP(6),
  PRIMARY KEY (`document_type_id`),
  KEY `t_document_types_document_type_id_IDX` (`document_type_id`) USING BTREE,
  KEY `t_document_types_document_type_IDX` (`document_type`) USING BTREE,
  KEY `t_document_types_timestamp_created_IDX` (`timestamp_created`) USING BTREE,
  KEY `t_document_types_timestamp_modified_IDX` (`timestamp_modified`) USING BTREE
) ENGINE=InnoDB DEFAULT CHARSET=utf8mb4 COLLATE=utf8mb4_0900_ai_ci;

-- SELECT * FROM t_document_types;


INSERT INTO t_document_types (
	document_type_id,
	document_type,
	description
)
VALUES
(1,'DNI', 'DOCUMENTO NACIONAL DE IDENTIDAD'),
(2, 'RUC', 'REG. UNICO DE CONTRIBUYENTES'),
(3, 'CE', 'CARNET DE EXTRANJERIA'),
(4, 'PASAPORTE', 'PASAPORTE');


-- --------------------------------------------------------------

DROP TABLE IF EXISTS t_user_information_requests;

CREATE TABLE `t_user_information_requests` (
  `user_information_request_id` BIGINT UNSIGNED NOT NULL,
  `document_type_id` TINYINT UNSIGNED NOT NULL,
  `document` VARCHAR(12) NOT NULL,
  `business_name` VARCHAR(150) NOT NULL,
  `first_name` VARCHAR(150) NOT NULL,
  `last_name` VARCHAR(150) NOT NULL,
  `email` VARCHAR(50) NOT NULL,
  `country_phonecode_id` TINYINT UNSIGNED NOT NULL,
  `phone` BIGINT UNSIGNED NOT NULL,
  `city_id` TINYINT UNSIGNED NOT NULL,
  `message` TEXT NOT NULL,
  `timestamp_created` timestamp(6) NOT NULL DEFAULT CURRENT_TIMESTAMP(6),
  `timestamp_modified` timestamp(6) NOT NULL DEFAULT CURRENT_TIMESTAMP(6) ON UPDATE CURRENT_TIMESTAMP(6),
  PRIMARY KEY (`user_information_request_id`),
  FOREIGN KEY (`document_type_id`) REFERENCES `t_document_types`(`document_type_id`),
  FOREIGN KEY (`city_id`) REFERENCES `t_cities`(`city_id`),
  FOREIGN KEY (`country_phonecode_id`) REFERENCES `t_countries_phonecodes`(`country_phonecode_id`),
  KEY `t_user_information_requests_user_information_request_id_IDX` (`user_information_request_id`) USING BTREE,
  KEY `t_user_information_requests_document_type_id_IDX` (`document_type_id`) USING BTREE,
  KEY `t_user_information_requests_document_IDX` (`document`) USING BTREE,
  KEY `t_user_information_requests_business_name_IDX` (`business_name`) USING BTREE,
  KEY `t_user_information_requests_first_name_IDX` (`first_name`) USING BTREE,
  KEY `t_user_information_requests_last_name_IDX` (`last_name`) USING BTREE,
  KEY `t_user_information_requests_email_IDX` (`email`) USING BTREE,
  KEY `t_user_information_requests_country_phonecode_id_IDX` (`country_phonecode_id`) USING BTREE,
  KEY `t_user_information_requests_phone_IDX` (`phone`) USING BTREE,
  KEY `t_user_information_requests_city_id_IDX` (`city_id`) USING BTREE,
  KEY `t_user_information_requests_timestamp_created_IDX` (`timestamp_created`) USING BTREE,
  KEY `t_user_information_requests_timestamp_modified_IDX` (`timestamp_modified`) USING BTREE
) ENGINE=InnoDB DEFAULT CHARSET=utf8mb4 COLLATE=utf8mb4_0900_ai_ci;

-- SELECT * FROM t_user_information_requests;

-- --------------------------------------------------------------------------------------------------------

DROP TABLE IF EXISTS t_notifications_emails_statuses;

CREATE TABLE `t_notifications_emails_statuses` (
  `notification_email_status_id` TINYINT NOT NULL,
  `notification_email_status` VARCHAR(10),
  `description` VARCHAR(150) NOT NULL,
  `timestamp_created` timestamp(6) NOT NULL DEFAULT CURRENT_TIMESTAMP(6),
  `timestamp_modified` timestamp(6) NOT NULL DEFAULT CURRENT_TIMESTAMP(6) ON UPDATE CURRENT_TIMESTAMP(6),
  PRIMARY KEY (`notification_email_status_id`),
  KEY `t_notifications_emails_statuses_notification_email_status_id_IDX` (`notification_email_status_id`) USING BTREE,
  KEY `t_notifications_emails_statuses_notification_email_status_IDX` (`notification_email_status`) USING BTREE,
  KEY `t_notifications_emails_statuses_timestamp_created_IDX` (`timestamp_created`) USING BTREE,
  KEY `t_notifications_emails_statuses_timestamp_modified_IDX` (`timestamp_modified`) USING BTREE
) ENGINE=InnoDB DEFAULT CHARSET=utf8mb4 COLLATE=utf8mb4_0900_ai_ci;

-- SELECT * FROM t_notifications_emails_statuses;

INSERT INTO t_notifications_emails_statuses (
	notification_email_status_id,
	notification_email_status,
	description
)
VALUES 
(-1, 'Errado', 'Notificación que no se pudo enviar por algún error.'),
(1, 'Pendiente', 'Notificación pendiente en la cola.'),
(2, 'Enviando', 'Notificación enviada de manera satisfactoria.');


-- -------------------------------------------------------------------------------------------------------

DROP TABLE IF EXISTS t_notifications_emails_types;

CREATE TABLE `t_notifications_emails_types` (
  `notification_email_type_id` TINYINT UNSIGNED NOT NULL,
  `notification_email_type` VARCHAR(150) NOT NULL,
  `description` VARCHAR(150) NOT NULL,
  `subject` VARCHAR(250) NOT NULL,
  `template` TEXT NOT NULL,
  `timestamp_created` timestamp(6) NOT NULL DEFAULT CURRENT_TIMESTAMP(6),
  `timestamp_modified` timestamp(6) NOT NULL DEFAULT CURRENT_TIMESTAMP(6) ON UPDATE CURRENT_TIMESTAMP(6),
  PRIMARY KEY (`notification_email_type_id`),
  KEY `t_notifications_emails_types_notification_email_type_id_IDX` (`notification_email_type_id`) USING BTREE,
  KEY `t_notifications_emails_types_notification_email_type_IDX` (`notification_email_type`) USING BTREE,
  KEY `t_notifications_emails_types_timestamp_created_IDX` (`timestamp_created`) USING BTREE,
  KEY `t_notifications_emails_types_timestamp_modified_IDX` (`timestamp_modified`) USING BTREE
) ENGINE=InnoDB DEFAULT CHARSET=utf8mb4 COLLATE=utf8mb4_0900_ai_ci;


-- SELECT * FROM t_notifications_emails_types;

INSERT INTO t_notifications_emails_types (
	notification_email_type_id,
	notification_email_type,
	description,
	template,
	subject
)
VALUES
(1, 'Enlace de registro.', 'Envia un enlace para que el usuario complete su registros en el sistema.', '', 'Enlace de registro {first_name} {last_name}'),
(2, 'Solicitud de información', 'Envia un correo de los datos del usuario que solicita información.', '', 'Solicitud de inforamción de {document} - {bussiness_name}');


-- -------------------------------------------------------------------------------------------------------

DROP TABLE IF EXISTS t_notifications_emails;

CREATE TABLE `t_notifications_emails` (
  `notification_email_id` BIGINT UNSIGNED NOT NULL,
  `notification_email_status_id` TINYINT NOT NULL,
  `notification_email_type_id` TINYINT UNSIGNED NOT NULL,
  `email` VARCHAR(50) NOT NULL,
  `user_id` VARCHAR(150) NOT NULL,
  `data` JSON NOT NULL,
  `timestamp_created` timestamp(6) NOT NULL DEFAULT CURRENT_TIMESTAMP(6),
  `timestamp_modified` timestamp(6) NOT NULL DEFAULT CURRENT_TIMESTAMP(6) ON UPDATE CURRENT_TIMESTAMP(6),
  PRIMARY KEY (`notification_email_id`),
  FOREIGN KEY (`notification_email_status_id`) REFERENCES `t_notifications_emails_statuses`(`notification_email_status_id`),
  FOREIGN KEY (`notification_email_type_id`) REFERENCES `t_notifications_emails_types`(`notification_email_type_id`),
  KEY `t_notifications_emails_notification_email_id_IDX` (`notification_email_id`) USING BTREE,
  KEY `t_notifications_emails_notification_email_status_id_IDX` (`notification_email_status_id`) USING BTREE,
  KEY `t_notifications_emails_notification_email_type_id_IDX` (`notification_email_type_id`) USING BTREE,
  KEY `t_notifications_emails_email_IDX` (`email`) USING BTREE,
  KEY `t_notifications_emails_user_id_IDX` (`user_id`) USING BTREE,
  KEY `t_notifications_emails_timestamp_created_IDX` (`timestamp_created`) USING BTREE,
  KEY `t_notifications_emails_timestamp_modified_IDX` (`timestamp_modified`) USING BTREE
) ENGINE=InnoDB DEFAULT CHARSET=utf8mb4 COLLATE=utf8mb4_0900_ai_ci;


-- SELECT * FROM t_notifications_emails;

